{
  "timestamp": "2026-01-26T02:53:00.177940",
  "config": {
    "pca_components": [
      10,
      15,
      20,
      25
    ],
    "feature_map_reps": [
      1,
      2
    ],
    "entanglement_types": [
      "linear",
      "circular"
    ],
    "num_samples": 500,
    "k_values": [
      15,
      20,
      25
    ],
    "regularization": 1e-06,
    "random_seeds": [
      42,
      123,
      456,
      789,
      1000
    ]
  },
  "baseline": {
    "n_components": 20,
    "feature_map_reps": 1,
    "entanglement": "linear"
  },
  "ablation_2_reps": {
    "1": {
      "n_components": 20,
      "feature_map_reps": 1,
      "entanglement": "linear",
      "num_samples_used": 500,
      "k_results": {
        "15": {
          "f1_mean": 0.9313535958093595,
          "f1_std": 0.011106560935606616,
          "selected_indices": [
            0,
            4,
            26,
            16,
            22,
            19,
            35,
            9,
            18,
            14,
            30,
            38,
            2,
            6,
            15
          ],
          "selected_names": [
            "FIT101",
            "P102",
            "P403",
            "MV301",
            "AIT402",
            "MV304",
            "FIT504",
            "MV201",
            "MV303",
            "FIT301",
            "AIT503",
            "PIT502",
            "MV101",
            "AIT202",
            "LIT301"
          ]
        },
        "20": {
          "f1_mean": 0.946036786300793,
          "f1_std": 0.014584243464669203,
          "selected_indices": [
            0,
            4,
            26,
            16,
            22,
            19,
            35,
            9,
            18,
            14,
            30,
            38,
            2,
            6,
            15,
            5,
            7,
            8,
            40,
            24
          ],
          "selected_names": [
            "FIT101",
            "P102",
            "P403",
            "MV301",
            "AIT402",
            "MV304",
            "FIT504",
            "MV201",
            "MV303",
            "FIT301",
            "AIT503",
            "PIT502",
            "MV101",
            "AIT202",
            "LIT301",
            "AIT201",
            "AIT203",
            "FIT201",
            "FIT601",
            "LIT401"
          ]
        },
        "25": {
          "f1_mean": 0.9496829911151353,
          "f1_std": 0.013438675548141954,
          "selected_indices": [
            0,
            4,
            26,
            16,
            22,
            19,
            35,
            9,
            18,
            14,
            30,
            38,
            2,
            6,
            15,
            5,
            7,
            8,
            40,
            24,
            28,
            1,
            41,
            21,
            33
          ],
          "selected_names": [
            "FIT101",
            "P102",
            "P403",
            "MV301",
            "AIT402",
            "MV304",
            "FIT504",
            "MV201",
            "MV303",
            "FIT301",
            "AIT503",
            "PIT502",
            "MV101",
            "AIT202",
            "LIT301",
            "AIT201",
            "AIT203",
            "FIT201",
            "FIT601",
            "LIT401",
            "AIT501",
            "LIT101",
            "P602",
            "AIT401",
            "FIT502"
          ]
        }
      },
      "variance_explained": 0.9959078994983955,
      "kernel_time": 622.7149796485901
    },
    "2": {
      "n_components": 20,
      "feature_map_reps": 2,
      "entanglement": "linear",
      "num_samples_used": 500,
      "k_results": {
        "15": {
          "f1_mean": 0.9533743285180266,
          "f1_std": 0.01681410382598054,
          "selected_indices": [
            0,
            4,
            26,
            38,
            19,
            40,
            9,
            21,
            30,
            37,
            20,
            2,
            5,
            18,
            6
          ],
          "selected_names": [
            "FIT101",
            "P102",
            "P403",
            "PIT502",
            "MV304",
            "FIT601",
            "MV201",
            "AIT401",
            "AIT503",
            "PIT501",
            "P302",
            "MV101",
            "AIT201",
            "MV303",
            "AIT202"
          ]
        },
        "20": {
          "f1_mean": 0.9516982997695139,
          "f1_std": 0.014732521867130408,
          "selected_indices": [
            0,
            4,
            26,
            38,
            19,
            40,
            9,
            21,
            30,
            37,
            20,
            2,
            5,
            18,
            6,
            15,
            16,
            8,
            29,
            24
          ],
          "selected_names": [
            "FIT101",
            "P102",
            "P403",
            "PIT502",
            "MV304",
            "FIT601",
            "MV201",
            "AIT401",
            "AIT503",
            "PIT501",
            "P302",
            "MV101",
            "AIT201",
            "MV303",
            "AIT202",
            "LIT301",
            "MV301",
            "FIT201",
            "AIT502",
            "LIT401"
          ]
        },
        "25": {
          "f1_mean": 0.9582119960150312,
          "f1_std": 0.013068736299418024,
          "selected_indices": [
            0,
            4,
            26,
            38,
            19,
            40,
            9,
            21,
            30,
            37,
            20,
            2,
            5,
            18,
            6,
            15,
            16,
            8,
            29,
            24,
            28,
            1,
            7,
            41,
            33
          ],
          "selected_names": [
            "FIT101",
            "P102",
            "P403",
            "PIT502",
            "MV304",
            "FIT601",
            "MV201",
            "AIT401",
            "AIT503",
            "PIT501",
            "P302",
            "MV101",
            "AIT201",
            "MV303",
            "AIT202",
            "LIT301",
            "MV301",
            "FIT201",
            "AIT502",
            "LIT401",
            "AIT501",
            "LIT101",
            "AIT203",
            "P602",
            "FIT502"
          ]
        }
      },
      "variance_explained": 0.9959078994983955,
      "kernel_time": 1118.0859231948853
    }
  },
  "ablation_3_entanglement": {
    "linear": {
      "n_components": 20,
      "feature_map_reps": 1,
      "entanglement": "linear",
      "num_samples_used": 500,
      "k_results": {
        "15": {
          "f1_mean": 0.9313535958093595,
          "f1_std": 0.011106560935606616,
          "selected_indices": [
            0,
            4,
            26,
            16,
            22,
            19,
            35,
            9,
            18,
            14,
            30,
            38,
            2,
            6,
            15
          ],
          "selected_names": [
            "FIT101",
            "P102",
            "P403",
            "MV301",
            "AIT402",
            "MV304",
            "FIT504",
            "MV201",
            "MV303",
            "FIT301",
            "AIT503",
            "PIT502",
            "MV101",
            "AIT202",
            "LIT301"
          ]
        },
        "20": {
          "f1_mean": 0.946036786300793,
          "f1_std": 0.014584243464669203,