{
  "n_components": 25,
  "num_samples": 100,
  "variance_explained": 0.9999686506179175,
  "kernel_time": 6489.026726961136,
  "k_results": {
    "15": {
      "f1_mean": 0.9350411772230627,
      "f1_std": 0.0201197461499825,
      "selected_indices": [
        0,
        4,
        26,
        41,
        10,
        39,
        16,
        19,
        30,
        12,
        38,
        13,
        18,
        9,
        29
      ],
      "selected_names": [
        "FIT101",
        "P102",
        "P403",
        "P602",
        "P201",
        "PIT503",
        "MV301",
        "MV304",
        "AIT503",
        "P205",
        "PIT502",
        "DPIT301",
        "MV303",
        "MV201",
        "AIT502"
      ]
    },
    "20": {
      "f1_mean": 0.9423314308285271,
      "f1_std": 0.015825762914654342,
      "selected_indices": [
        0,
        4,
        26,
        41,
        10,
        39,
        16,
        19,
        30,
        12,
        38,
        13,
        18,
        9,
        29,
        2,
        1,
        6,
        21,
        24
      ],
      "selected_names": [
        "FIT101",
        "P102",
        "P403",
        "P602",
        "P201",
        "PIT503",
        "MV301",
        "MV304",
        "AIT503",
        "P205",
        "PIT502",
        "DPIT301",
        "MV303",
        "MV201",
        "AIT502",
        "MV101",
        "LIT101",
        "AIT202",
        "AIT401",
        "LIT401"
      ]
    },
    "25": {
      "f1_mean": 0.949714817770138,
      "f1_std": 0.015487352936557206,
      "selected_indices": [
        0,
        4,
        26,
        41,
        10,
        39,
        16,
        19,
        30,
        12,
        38,
        13,
        18,
        9,
        29,
        2,
        1,
        6,
        21,
        24,
        15,
        5,
        7,
        28,
        33
      ],
      "selected_names": [
        "FIT101",
        "P102",
        "P403",
        "P602",
        "P201",
        "PIT503",
        "MV301",
        "MV304",
        "AIT503",
        "P205",
        "PIT502",
        "DPIT301",
        "MV303",
        "MV201",
        "AIT502",
        "MV101",
        "LIT101",
        "AIT202",
        "AIT401",
        "LIT401",
        "LIT301",
        "AIT201",
        "AIT203",
        "AIT501",
        "FIT502"
      ]
    }
  }
}