{
  "dataset": "HAI",
  "n_qubits": 20,
  "num_samples": 500,
  "variance_explained": 0.976474966149262,
  "kernel_time": 696.6834926605225,
  "seeds": [
    42,
    123,
    456,
    789,
    1000
  ],
  "k_results": {
    "15": {
      "selected_indices": [
        0,
        25,
        14,
        35,
        65,
        47,
        28,
        57,
        63,
        31,
        30,
        37,
        43,
        61,
        54
      ],
      "selected_names": [
        "P1_B2004",
        "P1_PCV02D",
        "P1_FT01",
        "P2_ATSW_Lamp",
        "P4_ST_PS",
        "P2_VIBTR03",
        "P1_PIT02",
        "P4_HT_FD",
        "P4_ST_LD",
        "P1_TIT01",
        "P1_PP04SP",
        "P2_AutoSD",
        "P2_SCST",
        "P4_ST_FD",
        "P3_LIT01"
      ],
      "f1_mean": 0.9071847844725989,
      "f1_std": 0.011537211886674646,
      "f1_ci_low": 0.8911685667374051,
      "f1_ci_high": 0.9232010022077927,
      "accuracy_mean": 0.8985,
      "accuracy_std": 0.013285330255586425,
      "accuracy_ci_low": 0.8800570049204703,
      "accuracy_ci_high": 0.9169429950795296,
      "precision_mean": 0.8365686316768202,
      "precision_std": 0.01694446396384787,
      "precision_ci_low": 0.8130459446605072,
      "precision_ci_high": 0.8600913186931332,
      "recall_mean": 0.991,
      "recall_std": 0.007348469228349541,
      "recall_ci_low": 0.9807986892901261,
      "recall_ci_high": 1.0012013107098738,
      "raw_f1_scores": [
        0.9277389277389277,
        0.8954545454545455,
        0.908675799086758,
        0.897025171624714,
        0.9070294784580499
      ]
    },
    "20": {
      "selected_indices": [
        0,
        25,
        14,
        35,
        65,
        47,
        28,
        57,
        63,
        31,
        30,
        37,
        43,
        61,
        54,
        2,
        59,
        56,
        29,
        26
      ],
      "selected_names": [
        "P1_B2004",
        "P1_PCV02D",
        "P1_FT01",
        "P2_ATSW_Lamp",
        "P4_ST_PS",
        "P2_VIBTR03",
        "P1_PIT02",
        "P4_HT_FD",
        "P4_ST_LD",
        "P1_TIT01",
        "P1_PP04SP",
        "P2_AutoSD",
        "P2_SCST",
        "P4_ST_FD",
        "P3_LIT01",
        "P1_B3004",
        "P4_HT_PS",
        "P3_PIT01",
        "P1_PP04",
        "P1_PCV02Z"
      ],
      "f1_mean": 0.9130774710451182,
      "f1_std": 0.010009005416049415,
      "f1_ci_low": 0.8991827439974739,
      "f1_ci_high": 0.9269721980927624,
      "accuracy_mean": 0.9055,
      "accuracy_std": 0.011335784048754667,
      "accuracy_ci_low": 0.8897634089321279,
      "accuracy_ci_high": 0.921236591067872,
      "precision_mean": 0.8458353032216894,
      "precision_std": 0.013361240748106224,
      "precision_ci_low": 0.827286927484465,
      "precision_ci_high": 0.8643836789589139,
      "recall_mean": 0.992,
      "recall_std": 0.006000000000000005,
      "recall_ci_low": 0.9836706646844066,
      "recall_ci_high": 1.0003293353155933,
      "raw_f1_scores": [
        0.9302325581395349,
        0.9057471264367816,
        0.9170506912442397,
        0.9016018306636155,
        0.9107551487414187
      ]
    },
    "25": {
      "selected_indices": [
        0,
        25,
        14,
        35,
        65,
        47,
        28,
        57,
        63,
        31,
        30,
        37,
        43,
        61,
        54,
        2,
        59,
        56,
        29,
        26,
        32,
        41,
        34,
        3,
        52
      ],
      "selected_names": [
        "P1_B2004",
        "P1_PCV02D",
        "P1_FT01",
        "P2_ATSW_Lamp",
        "P4_ST_PS",
        "P2_VIBTR03",
        "P1_PIT02",
        "P4_HT_FD",
        "P4_ST_LD",
        "P1_TIT01",
        "P1_PP04SP",
        "P2_AutoSD",
        "P2_SCST",
        "P4_ST_FD",
        "P3_LIT01",
        "P1_B3004",
        "P4_HT_PS",
        "P3_PIT01",
        "P1_PP04",
        "P1_PCV02Z",
        "P1_TIT02",
        "P2_ManualSD",
        "P2_24Vdc",
        "P1_B3005",
        "P3_LCV01D"
      ],
      "f1_mean": 0.9171382460619023,
      "f1_std": 0.009874050731558674,
      "f1_ci_low": 0.9034308661508469,
      "f1_ci_high": 0.9308456259729577,
      "accuracy_mean": 0.9099999999999999,
      "accuracy_std": 0.011510864433221328,
      "accuracy_ci_low": 0.8940203583938935,
      "accuracy_ci_high": 0.9259796416061064,
      "precision_mean": 0.8507060059379873,
      "precision_std": 0.01586651002778116,
      "precision_ci_low": 0.8286797588863849,
      "precision_ci_high": 0.8727322529895897,
      "recall_mean": 0.9949999999999999,
      "recall_std": 0.004472135954999583,
      "recall_ci_low": 0.9887916800089811,
      "recall_ci_high": 1.0012083199910187,
      "raw_f1_scores": [
        0.9324009324009324,
        0.9187935034802784,
        0.9212962962962963,
        0.9041095890410958,
        0.9090909090909091
      ]
    }
  }
}