{
  "dataset": "WADI",
  "n_qubits": 20,
  "num_samples": 500,
  "variance_explained": 0.9334991484862094,
  "kernel_time": 598.0402765274048,
  "seeds": [
    42,
    123,
    456,
    789,
    1000
  ],
  "k_results": {
    "15": {
      "selected_indices": [
        0,
        48,
        50,
        53,
        54,
        23,
        64,
        56,
        17,
        52,
        13,
        51,
        59,
        49,
        58
      ],
      "selected_names": [
        "1_AIT_001_PV",
        "2_LS_101_AH",
        "2_LS_201_AH",
        "2_LS_301_AL",
        "2_LS_401_AH",
        "2_FIC_101_SP",
        "2_MCV_301_CO",
        "2_LS_501_AH",
        "2B_AIT_002_PV",
        "2_LS_301_AH",
        "2A_AIT_002_PV",
        "2_LS_201_AL",
        "2_LS_601_AL",
        "2_LS_101_AL",
        "2_LS_601_AH"
      ],
      "f1_mean": 0.9420086675054588,
      "f1_std": 0.012502322884044313,
      "f1_ci_low": 0.9246526609179552,
      "f1_ci_high": 0.9593646740929623,
      "accuracy_mean": 0.9414999999999999,
      "accuracy_std": 0.012409673645990838,
      "accuracy_ci_low": 0.9242726111742432,
      "accuracy_ci_high": 0.9587273888257566,
      "precision_mean": 0.933414413129585,
      "precision_std": 0.013413752721990947,
      "precision_ci_low": 0.9147931390859323,
      "precision_ci_high": 0.9520356871732376,
      "recall_mean": 0.951,
      "recall_std": 0.018814887722226763,
      "recall_ci_low": 0.9248807485393886,
      "recall_ci_high": 0.9771192514606113,
      "raw_f1_scores": [
        0.9653465346534653,
        0.941747572815534,
        0.9330024813895782,
        0.9296482412060302,
        0.9402985074626866
      ]
    },
    "20": {
      "selected_indices": [
        0,
        48,
        50,
        53,
        54,
        23,
        64,
        56,
        17,
        52,
        13,
        51,
        59,
        49,
        58,
        34,
        57,
        87,
        84,
        6
      ],
      "selected_names": [
        "1_AIT_001_PV",
        "2_LS_101_AH",
        "2_LS_201_AH",
        "2_LS_301_AL",
        "2_LS_401_AH",
        "2_FIC_101_SP",
        "2_MCV_301_CO",
        "2_LS_501_AH",
        "2B_AIT_002_PV",
        "2_LS_301_AH",
        "2A_AIT_002_PV",
        "2_LS_201_AL",
        "2_LS_601_AL",
        "2_LS_101_AL",
        "2_LS_601_AH",
        "2_FIC_501_PV",
        "2_LS_501_AL",
        "3_AIT_004_PV",
        "3_AIT_001_PV",
        "1_LT_001_PV"
      ],
      "f1_mean": 0.9698588727016244,
      "f1_std": 0.008636640551664571,
      "f1_ci_low": 0.9578692935091134,
      "f1_ci_high": 0.9818484518941354,
      "accuracy_mean": 0.97,
      "accuracy_std": 0.008514693182963221,
      "accuracy_ci_low": 0.9581797108949504,
      "accuracy_ci_high": 0.9818202891050496,
      "precision_mean": 0.9739018894576775,
      "precision_std": 0.010375317574611645,
      "precision_ci_low": 0.959498639610226,
      "precision_ci_high": 0.9883051393051291,
      "recall_mean": 0.966,
      "recall_std": 0.013564659966250548,
      "recall_ci_low": 0.9471692331165156,
      "recall_ci_high": 0.9848307668834844,
      "raw_f1_scores": [
        0.9774436090225563,
        0.9601990049751243,
        0.9591836734693877,
        0.9798994974874372,
        0.972568578553616
      ]
    },
    "25": {
      "selected_indices": [
        0,
        48,
        50,
        53,
        54,
        23,
        64,
        56,
        17,
        52,
        13,
        51,
        59,
        49,
        58,
        34,
        57,
        87,
        84,
        6,
        85,
        55,
        61,
        1,
        47
      ],
      "selected_names": [
        "1_AIT_001_PV",
        "2_LS_101_AH",
        "2_LS_201_AH",
        "2_LS_301_AL",
        "2_LS_401_AH",
        "2_FIC_101_SP",
        "2_MCV_301_CO",
        "2_LS_501_AH",
        "2B_AIT_002_PV",
        "2_LS_301_AH",
        "2A_AIT_002_PV",
        "2_LS_201_AL",
        "2_LS_601_AL",
        "2_LS_101_AL",
        "2_LS_601_AH",
        "2_FIC_501_PV",
        "2_LS_501_AL",
        "3_AIT_004_PV",
        "3_AIT_001_PV",
        "1_LT_001_PV",
        "3_AIT_002_PV",
        "2_LS_401_AL",
        "2_LT_002_PV",
        "1_AIT_002_PV",
        "2_FQ_601_PV"
      ],
      "f1_mean": 0.9761056775107771,
      "f1_std": 0.007269847502164491,
      "f1_ci_low": 0.9660135112543177,
      "f1_ci_high": 0.9861978437672366,
      "accuracy_mean": 0.976,
      "accuracy_std": 0.007176350047203688,
      "accuracy_ci_low": 0.9660376290191276,
      "accuracy_ci_high": 0.9859623709808724,
      "precision_mean": 0.9703786364301287,
      "precision_std": 0.00520092699421988,
      "precision_ci_low": 0.9631585922823322,
      "precision_ci_high": 0.9775986805779251,
      "recall_mean": 0.982,
      "recall_std": 0.01326649916142161,
      "recall_ci_low": 0.9635831466700802,
      "recall_ci_high": 1.0004168533299198,
      "raw_f1_scores": [
        0.9753694581280788,
        0.9751243781094527,
        0.964824120603015,
        0.9775561097256857,
        0.9876543209876543
      ]
    }
  }
}